strategy,interval,threshold,rule,max_hold,trailing_pct,take_profit_pct,hard_sl,cut_3bar_neg,n,win%,mean%,median%,held,total%,MDD%,Sharpe_ann,PF
trend_pullback,1d,60,h252_tr25_TP40_SLx_cutN,252,0.25,0.4,,False,18143,53.3,12.67,3.45,96.8,inf,,22.35,2.65
trend_pullback,1d,60,h365_tr25_TP40_SLx_cutN,365,0.25,0.4,,False,18143,52.3,12.72,2.34,103.4,inf,,22.16,2.62
trend_pullback,1d,60,h180_tr25_TP40_SLx_cutN,180,0.25,0.4,,False,18143,54.0,11.94,3.88,88.3,inf,,21.64,2.61
trend_pullback,1d,60,h252_tr25_TP30_SLx_cutN,252,0.25,0.3,,False,18143,57.0,10.75,29.77,87.1,inf,,21.53,2.42
trend_pullback,1d,60,h365_tr25_TP30_SLx_cutN,365,0.25,0.3,,False,18143,56.4,10.77,29.86,92.6,inf,,21.33,2.39
trend_pullback,1d,60,h180_tr25_TP30_SLx_cutN,180,0.25,0.3,,False,18143,57.3,10.28,15.39,80.1,inf,,21.0,2.4
trend_pullback,1d,60,h252_tr25_TP40_SL20_cutN,252,0.25,0.4,-0.2,False,18143,50.5,11.54,0.54,83.5,inf,,20.73,2.47
trend_pullback,1d,60,h252_tr25_TP25_SLx_cutN,252,0.25,0.25,,False,18143,60.7,9.54,25.1,80.6,inf,,20.68,2.3
trend_pullback,1d,60,h365_tr25_TP25_SLx_cutN,365,0.25,0.25,,False,18143,60.5,9.57,25.17,85.6,inf,,20.54,2.28
trend_pullback,1d,60,h365_tr25_TP40_SL20_cutN,365,0.25,0.4,-0.2,False,18143,49.5,11.51,-0.58,86.4,inf,,20.5,2.44
trend_pullback,1d,60,h180_tr25_TP25_SLx_cutN,180,0.25,0.25,,False,18143,60.5,9.21,24.92,74.4,inf,,20.3,2.29
trend_pullback,1d,60,h180_tr25_TP40_SL20_cutN,180,0.25,0.4,-0.2,False,18143,51.6,11.01,1.49,78.2,inf,,20.24,2.44
trend_pullback,1d,60,h120_tr25_TP40_SLx_cutN,120,0.25,0.4,,False,18143,54.7,10.49,3.75,74.7,inf,,20.15,2.52
trend_pullback,1d,60,h120_tr25_TP30_SLx_cutN,120,0.25,0.3,,False,18143,57.2,9.3,8.34,68.8,inf,,19.86,2.36
trend_pullback,1d,60,h252_tr25_TP30_SL20_cutN,252,0.25,0.3,-0.2,False,18143,54.1,9.7,15.0,74.0,inf,,19.81,2.25
trend_pullback,1d,60,h252_tr25_TP40_SLx_cutY,252,0.25,0.4,,True,18143,47.1,10.67,-2.89,83.0,inf,,19.67,2.44
trend_pullback,1d,60,h365_tr25_TP30_SL20_cutN,365,0.25,0.3,-0.2,False,18143,53.4,9.64,17.48,76.0,inf,,19.58,2.22
trend_pullback,1d,60,h180_tr25_TP30_SL20_cutN,180,0.25,0.3,-0.2,False,18143,54.8,9.39,10.07,70.1,inf,,19.5,2.25
trend_pullback,1d,60,h365_tr25_TP40_SLx_cutY,365,0.25,0.4,,True,18143,46.2,10.68,-3.7,87.9,inf,,19.46,2.41
trend_pullback,1d,60,h120_tr25_TP25_SLx_cutN,120,0.25,0.25,,False,18143,59.8,8.45,14.15,64.5,inf,,19.35,2.26
trend_pullback,1d,60,h180_tr25_TP40_SLx_cutY,180,0.25,0.4,,True,18143,47.9,10.12,-1.82,76.2,inf,,19.13,2.41
trend_pullback,1d,60,h252_tr20_TP40_SLx_cutN,252,0.2,0.4,,False,18143,49.2,9.94,-0.55,78.0,inf,,18.94,2.43
trend_pullback,1d,60,h120_tr25_TP40_SL20_cutN,120,0.25,0.4,-0.2,False,18143,52.7,9.75,2.22,67.9,inf,,18.92,2.37
trend_pullback,1d,60,h252_tr25_TP40_SL20_cutY,252,0.25,0.4,-0.2,True,18143,45.6,10.12,-4.51,75.1,inf,,18.91,2.36
trend_pullback,1d,60,h252_tr25_TP25_SL20_cutN,252,0.25,0.25,-0.2,False,18143,57.6,8.52,24.91,67.8,inf,,18.87,2.13
trend_pullback,1d,60,h365_tr20_TP40_SLx_cutN,365,0.2,0.4,,False,18143,48.8,9.98,-0.81,82.4,inf,,18.87,2.43
trend_pullback,1d,60,h180_tr25_TP25_SL20_cutN,180,0.25,0.25,-0.2,False,18143,57.8,8.35,24.77,64.6,inf,,18.72,2.14
trend_pullback,1d,60,h252_tr25_TP30_SLx_cutY,252,0.25,0.3,,True,18143,50.5,8.94,1.38,74.2,inf,,18.72,2.22
trend_pullback,1d,60,h365_tr25_TP25_SL20_cutN,365,0.25,0.25,-0.2,False,18143,57.2,8.48,24.95,69.4,inf,,18.69,2.11
trend_pullback,1d,60,h365_tr25_TP40_SL20_cutY,365,0.25,0.4,-0.2,True,18143,44.7,10.09,-5.22,77.8,inf,,18.69,2.33
trend_pullback,1d,60,h120_tr25_TP30_SL20_cutN,120,0.25,0.3,-0.2,False,18143,55.2,8.6,6.24,62.1,inf,,18.56,2.22
trend_pullback,1d,60,h252_tr25_TP40_SL15_cutN,252,0.25,0.4,-0.15,False,18143,45.7,9.95,-4.46,71.4,inf,,18.55,2.29
trend_pullback,1d,60,h365_tr25_TP30_SLx_cutY,365,0.25,0.3,,True,18143,49.8,8.92,-0.76,78.1,inf,,18.49,2.19
trend_pullback,1d,60,h180_tr25_TP40_SL20_cutY,180,0.25,0.4,-0.2,True,18143,46.6,9.67,-3.19,70.2,inf,,18.48,2.34
trend_pullback,1d,60,h252_tr20_TP30_SLx_cutN,252,0.2,0.3,,False,18143,49.8,8.63,-0.13,71.2,inf,,18.4,2.25
trend_pullback,1d,60,h365_tr25_TP40_SL15_cutN,365,0.25,0.4,-0.15,False,18143,44.8,9.91,-5.18,73.5,inf,,18.36,2.27
trend_pullback,1d,60,h180_tr25_TP30_SLx_cutY,180,0.25,0.3,,True,18143,50.9,8.59,1.69,68.7,inf,,18.34,2.21
trend_pullback,1d,60,h180_tr20_TP40_SLx_cutN,180,0.2,0.4,,False,18143,49.4,9.48,-0.3,72.7,inf,,18.34,2.38
trend_pullback,1d,60,h365_tr20_TP30_SLx_cutN,365,0.2,0.3,,False,18143,49.5,8.63,-0.3,75.1,inf,,18.29,2.24
trend_pullback,1d,60,h180_tr25_TP40_SL15_cutN,180,0.25,0.4,-0.15,False,18143,46.8,9.61,-3.1,67.3,inf,,18.26,2.28
trend_pullback,1d,60,h252_tr20_TP25_SLx_cutN,252,0.2,0.25,,False,18143,52.6,7.85,11.23,66.6,inf,,18.0,2.15
trend_pullback,1d,60,h120_tr25_TP25_SL20_cutN,120,0.25,0.25,-0.2,False,18143,57.7,7.76,11.25,57.9,inf,,17.98,2.12
trend_pullback,1d,60,h252_tr25_TP30_SL20_cutY,252,0.25,0.3,-0.2,True,18143,48.9,8.44,-3.57,66.4,inf,,17.94,2.15
trend_pullback,1d,60,h180_tr20_TP30_SLx_cutN,180,0.2,0.3,,False,18143,50.1,8.29,0.07,66.7,inf,,17.92,2.21
trend_pullback,1d,60,h365_tr20_TP25_SLx_cutN,365,0.2,0.25,,False,18143,52.3,7.86,12.84,70.2,inf,,17.91,2.14
trend_pullback,1d,60,h120_tr25_TP40_SLx_cutY,120,0.25,0.4,,True,18143,48.7,8.91,-1.05,64.8,inf,,17.85,2.33
trend_pullback,1d,60,h252_tr25_TP25_SLx_cutY,252,0.25,0.25,,True,18143,53.7,7.86,18.12,68.3,inf,,17.84,2.11
trend_pullback,1d,60,h365_tr25_TP30_SL20_cutY,365,0.25,0.3,-0.2,True,18143,48.2,8.38,-4.8,68.2,inf,,17.71,2.12
trend_pullback,1d,60,h252_tr20_TP40_SL20_cutN,252,0.2,0.4,-0.2,False,18143,47.4,9.16,-1.79,68.2,inf,,17.69,2.28
trend_pullback,1d,60,h180_tr25_TP30_SL20_cutY,180,0.25,0.3,-0.2,True,18143,49.5,8.17,-1.02,62.8,inf,,17.66,2.14
trend_pullback,1d,60,h365_tr25_TP25_SLx_cutY,365,0.25,0.25,,True,18143,53.5,7.85,24.7,71.8,inf,,17.66,2.09
trend_pullback,1d,60,h365_tr20_TP40_SL20_cutN,365,0.2,0.4,-0.2,False,18143,46.9,9.15,-2.12,69.6,inf,,17.6,2.27
trend_pullback,1d,60,h180_tr20_TP25_SLx_cutN,180,0.2,0.25,,False,18143,52.6,7.59,7.31,62.5,inf,,17.59,2.12
trend_pullback,1d,60,h180_tr25_TP25_SLx_cutY,180,0.25,0.25,,True,18143,53.7,7.63,9.25,63.6,inf,,17.59,2.1
trend_pullback,1d,60,h252_tr25_TP30_SL15_cutN,252,0.25,0.3,-0.15,False,18143,49.0,8.21,-3.46,62.7,inf,,17.46,2.08
trend_pullback,1d,60,h120_tr25_TP30_SLx_cutY,120,0.25,0.3,,True,18143,51.0,7.82,1.46,59.4,inf,,17.44,2.18
trend_pullback,1d,60,h252_tr25_TP40_SL15_cutY,252,0.25,0.4,-0.15,True,18143,42.2,9.01,-5.92,65.7,inf,,17.38,2.23
trend_pullback,1d,60,h120_tr20_TP40_SLx_cutN,120,0.2,0.4,,False,18143,50.3,8.6,0.19,64.0,inf,,17.37,2.3
trend_pullback,1d,60,h180_tr25_TP30_SL15_cutN,180,0.25,0.3,-0.15,False,18143,49.7,8.04,-0.57,59.9,inf,,17.3,2.08
trend_pullback,1d,60,h120_tr25_TP40_SL20_cutY,120,0.25,0.4,-0.2,True,18143,47.7,8.56,-1.87,60.9,inf,,17.28,2.26
trend_pullback,1d,60,h365_tr25_TP30_SL15_cutN,365,0.25,0.3,-0.15,False,18143,48.3,8.16,-4.69,64.0,inf,,17.26,2.06
trend_pullback,1d,60,h180_tr20_TP40_SL20_cutN,180,0.2,0.4,-0.2,False,18143,47.9,8.82,-1.4,65.4,inf,,17.26,2.25
trend_pullback,1d,60,h365_tr25_TP40_SL15_cutY,365,0.25,0.4,-0.15,True,18143,41.3,8.98,-6.08,67.7,inf,,17.2,2.21
trend_pullback,1d,60,h120_tr20_TP30_SLx_cutN,120,0.2,0.3,,False,18143,50.9,7.72,0.74,59.4,inf,,17.19,2.17
trend_pullback,1d,60,h180_tr25_TP40_SL15_cutY,180,0.25,0.4,-0.15,True,18143,43.2,8.71,-5.65,61.9,inf,,17.11,2.22
trend_pullback,1d,60,h120_tr25_TP40_SL15_cutN,120,0.25,0.4,-0.15,False,18143,48.3,8.58,-1.41,59.5,inf,,17.11,2.2
trend_pullback,1d,60,h252_tr20_TP30_SL20_cutN,252,0.2,0.3,-0.2,False,18143,48.0,7.89,-1.5,61.6,inf,,17.09,2.11
trend_pullback,1d,60,h252_tr25_TP25_SL20_cutY,252,0.25,0.25,-0.2,True,18143,52.1,7.38,8.49,60.6,inf,,17.01,2.03
trend_pullback,1d,60,h365_tr20_TP30_SL20_cutN,365,0.2,0.3,-0.2,False,18143,47.6,7.85,-1.8,62.5,inf,,16.96,2.09
trend_pullback,1d,60,h120_tr20_TP25_SLx_cutN,120,0.2,0.25,,False,18143,53.1,7.13,5.01,56.0,inf,,16.95,2.09
trend_pullback,1d,60,h180_tr25_TP25_SL20_cutY,180,0.25,0.25,-0.2,True,18143,52.3,7.23,6.02,57.7,inf,,16.88,2.04
trend_pullback,1d,60,h120_tr25_TP25_SLx_cutY,120,0.25,0.25,,True,18143,53.3,7.05,4.84,55.5,inf,,16.87,2.09
trend_pullback,1d,60,h120_tr25_TP30_SL20_cutY,120,0.25,0.3,-0.2,True,18143,50.0,7.5,0.02,55.6,inf,,16.84,2.11
trend_pullback,1d,60,h365_tr25_TP25_SL20_cutY,365,0.25,0.25,-0.2,True,18143,51.7,7.33,9.21,62.1,inf,,16.83,2.01
trend_pullback,1d,60,h180_tr20_TP30_SL20_cutN,180,0.2,0.3,-0.2,False,18143,48.5,7.68,-1.07,59.5,inf,,16.77,2.09
trend_pullback,1d,60,h252_tr20_TP25_SL20_cutN,252,0.2,0.25,-0.2,False,18143,50.7,7.14,2.99,57.1,inf,,16.62,2.01
trend_pullback,1d,60,h120_tr25_TP30_SL15_cutN,120,0.25,0.3,-0.15,False,18143,50.6,7.45,0.96,54.0,inf,,16.56,2.05
trend_pullback,1d,60,h252_tr20_TP40_SLx_cutY,252,0.2,0.4,,True,18143,43.5,8.29,-4.5,66.0,inf,,16.53,2.23
trend_pullback,1d,60,h365_tr20_TP25_SL20_cutN,365,0.2,0.25,-0.2,False,18143,50.3,7.1,1.58,57.8,inf,,16.5,2.0
trend_pullback,1d,60,h252_tr25_TP25_SL15_cutN,252,0.25,0.25,-0.15,False,18143,52.1,7.14,8.68,56.9,inf,,16.47,1.96
trend_pullback,1d,60,h365_tr20_TP40_SLx_cutY,365,0.2,0.4,,True,18143,43.2,8.31,-4.69,68.9,inf,,16.47,2.22
trend_pullback,1d,60,h120_tr20_TP40_SL20_cutN,120,0.2,0.4,-0.2,False,18143,49.0,8.09,-0.7,59.2,inf,,16.46,2.19
trend_pullback,1d,60,h180_tr25_TP25_SL15_cutN,180,0.25,0.25,-0.15,False,18143,52.5,7.06,6.96,54.7,inf,,16.44,1.97
trend_pullback,1d,60,h180_tr20_TP25_SL20_cutN,180,0.2,0.25,-0.2,False,18143,51.0,6.99,2.99,55.3,inf,,16.39,2.0
trend_pullback,1d,60,h365_tr25_TP25_SL15_cutN,365,0.25,0.25,-0.15,False,18143,51.7,7.1,9.21,58.0,inf,,16.32,1.95
trend_pullback,1d,60,h252_tr25_TP30_SL15_cutY,252,0.25,0.3,-0.15,True,18143,45.2,7.41,-5.84,57.6,inf,,16.29,2.03
trend_pullback,1d,60,h252_tr20_TP40_SL15_cutN,252,0.2,0.4,-0.15,False,18143,44.4,8.23,-3.89,61.3,inf,,16.27,2.15
trend_pullback,1d,60,h120_tr25_TP25_SL20_cutY,120,0.25,0.25,-0.2,True,18143,52.3,6.73,3.63,51.7,inf,,16.25,2.02
trend_pullback,1d,60,h120_tr20_TP30_SL20_cutN,120,0.2,0.3,-0.2,False,18143,49.6,7.23,-0.3,54.6,inf,,16.23,2.06
trend_pullback,1d,60,h365_tr20_TP40_SL15_cutN,365,0.2,0.4,-0.15,False,18143,44.0,8.23,-4.08,62.3,inf,,16.2,2.15
trend_pullback,1d,60,h180_tr25_TP30_SL15_cutY,180,0.25,0.3,-0.15,True,18143,45.9,7.25,-5.58,55.0,inf,,16.14,2.03
trend_pullback,1d,60,h252_tr20_TP40_SL20_cutY,252,0.2,0.4,-0.2,True,18143,42.8,8.0,-5.09,61.0,inf,,16.09,2.18
trend_pullback,1d,60,h180_tr20_TP40_SLx_cutY,180,0.2,0.4,,True,18143,43.9,7.95,-4.24,62.0,inf,,16.09,2.19
trend_pullback,1d,60,h365_tr25_TP30_SL15_cutY,365,0.25,0.3,-0.15,True,18143,44.5,7.35,-6.0,58.9,inf,,16.08,2.0
trend_pullback,1d,60,h120_tr25_TP40_SL15_cutY,120,0.25,0.4,-0.15,True,18143,44.6,7.76,-5.06,54.6,inf,,16.01,2.14
trend_pullback,1d,60,h365_tr20_TP40_SL20_cutY,365,0.2,0.4,-0.2,True,18143,42.4,7.99,-5.28,62.3,inf,,16.0,2.17
trend_pullback,1d,60,h180_tr20_TP40_SL15_cutN,180,0.2,0.4,-0.15,False,18143,45.0,7.98,-3.58,59.0,inf,,15.96,2.13
trend_pullback,1d,60,h120_tr20_TP25_SL20_cutN,120,0.2,0.25,-0.2,False,18143,51.8,6.65,3.36,51.3,inf,,15.94,1.99
trend_pullback,1d,60,h120_tr25_TP25_SL15_cutN,120,0.25,0.25,-0.15,False,18143,52.9,6.65,4.68,50.0,inf,,15.92,1.96
trend_pullback,1d,60,h252_tr20_TP30_SLx_cutY,252,0.2,0.3,,True,18143,44.2,7.09,-4.39,59.8,inf,,15.85,2.05
trend_pullback,1d,60,h252_tr15_TP40_SLx_cutN,252,0.15,0.4,,False,18143,47.7,7.33,-1.22,57.5,inf,,15.79,2.25
trend_pullback,1d,60,h365_tr15_TP40_SLx_cutN,365,0.15,0.4,,False,18143,47.7,7.35,-1.19,60.6,inf,,15.78,2.25
trend_pullback,1d,60,h365_tr20_TP30_SLx_cutY,365,0.2,0.3,,True,18143,43.8,7.07,-4.61,62.3,inf,,15.74,2.04
trend_pullback,1d,60,h180_tr20_TP40_SL20_cutY,180,0.2,0.4,-0.2,True,18143,43.3,7.71,-4.78,58.4,inf,,15.71,2.14
trend_pullback,1d,60,h252_tr15_TP30_SLx_cutN,252,0.15,0.3,,False,18143,47.8,6.66,-1.15,53.7,inf,,15.68,2.14
trend_pullback,1d,60,h365_tr15_TP30_SLx_cutN,365,0.15,0.3,,False,18143,47.9,6.68,-1.14,56.8,inf,,15.67,2.14
trend_pullback,1d,60,h252_tr20_TP30_SL15_cutN,252,0.2,0.3,-0.15,False,18143,45.0,6.99,-3.77,55.0,inf,,15.52,1.98
trend_pullback,1d,60,h180_tr20_TP30_SLx_cutY,180,0.2,0.3,,True,18143,44.5,6.85,-4.1,56.6,inf,,15.51,2.03
trend_pullback,1d,60,h120_tr25_TP30_SL15_cutY,120,0.25,0.3,-0.15,True,18143,46.8,6.71,-4.69,49.5,inf,,15.45,2.0
trend_pullback,1d,60,h180_tr15_TP40_SLx_cutN,180,0.15,0.4,,False,18143,47.5,7.1,-1.34,54.3,inf,,15.42,2.2
trend_pullback,1d,60,h365_tr20_TP30_SL15_cutN,365,0.2,0.3,-0.15,False,18143,44.6,6.96,-3.98,55.7,inf,,15.41,1.97
trend_pullback,1d,60,h252_tr20_TP25_SLx_cutY,252,0.2,0.25,,True,18143,46.6,6.4,-3.98,55.6,inf,,15.4,1.96
trend_pullback,1d,60,h252_tr20_TP30_SL20_cutY,252,0.2,0.3,-0.2,True,18143,43.4,6.82,-5.0,54.9,inf,,15.4,2.01
trend_pullback,1d,60,h180_tr15_TP30_SLx_cutN,180,0.15,0.3,,False,18143,47.7,6.48,-1.27,50.8,inf,,15.36,2.1
trend_pullback,1d,60,h252_tr25_TPx_SLx_cutN,252,0.25,0.0,,False,18143,52.9,23.3,2.5,127.5,inf,,15.35,4.03
trend_pullback,1d,60,h252_tr25_TP25_SL15_cutY,252,0.25,0.25,-0.15,True,18143,48.1,6.41,-5.43,52.2,inf,,15.32,1.91
trend_pullback,1d,60,h180_tr20_TP30_SL15_cutN,180,0.2,0.3,-0.15,False,18143,45.6,6.84,-3.44,53.4,inf,,15.31,1.97
trend_pullback,1d,60,h252_tr15_TP25_SLx_cutN,252,0.15,0.25,,False,18143,48.1,6.11,-1.04,51.1,inf,,15.29,2.04
trend_pullback,1d,60,h120_tr20_TP40_SLx_cutY,120,0.2,0.4,,True,18143,44.8,7.25,-3.51,55.1,inf,,15.29,2.13
trend_pullback,1d,60,h365_tr15_TP25_SLx_cutN,365,0.15,0.25,,False,18143,48.1,6.13,-1.03,54.1,inf,,15.29,2.05
trend_pullback,1d,60,h365_tr20_TP25_SLx_cutY,365,0.2,0.25,,True,18143,46.3,6.39,-4.22,57.9,inf,,15.28,1.95
trend_pullback,1d,60,h180_tr25_TP25_SL15_cutY,180,0.25,0.25,-0.15,True,18143,48.5,6.34,-4.08,50.1,inf,,15.28,1.92
trend_pullback,1d,60,h365_tr20_TP30_SL20_cutY,365,0.2,0.3,-0.2,True,18143,43.0,6.78,-5.21,55.7,inf,,15.26,1.99
trend_pullback,1d,60,h120_tr20_TP40_SL15_cutN,120,0.2,0.4,-0.15,False,18143,46.2,7.37,-2.59,53.9,inf,,15.25,2.07
trend_pullback,1d,60,h252_tr20_TP40_SL15_cutY,252,0.2,0.4,-0.15,True,18143,41.0,7.44,-5.65,56.3,inf,,15.23,2.1
trend_pullback,1d,60,h365_tr20_TP40_SL15_cutY,365,0.2,0.4,-0.15,True,18143,40.6,7.44,-5.71,57.4,inf,,15.17,2.09
trend_pullback,1d,60,h365_tr25_TP25_SL15_cutY,365,0.25,0.25,-0.15,True,18143,47.7,6.37,-5.59,53.2,inf,,15.15,1.89
trend_pullback,1d,60,h180_tr20_TP25_SLx_cutY,180,0.2,0.25,,True,18143,46.8,6.23,-3.75,52.7,inf,,15.12,1.94
trend_pullback,1d,60,h180_tr20_TP30_SL20_cutY,180,0.2,0.3,-0.2,True,18143,43.9,6.64,-4.65,53.1,inf,,15.12,1.99
trend_pullback,1d,60,h180_tr15_TP25_SLx_cutN,180,0.15,0.25,,False,18143,47.9,5.95,-1.16,48.3,9.10312001918403e+304,-100.0,15.0,2.01
trend_pullback,1d,60,h252_tr20_TP25_SL15_cutN,252,0.2,0.25,-0.15,False,18143,47.5,6.27,-3.38,50.8,inf,,14.98,1.89
trend_pullback,1d,60,h120_tr20_TP40_SL20_cutY,120,0.2,0.4,-0.2,True,18143,44.4,7.08,-3.83,52.9,inf,,14.98,2.09
trend_pullback,1d,60,h120_tr20_TP30_SLx_cutY,120,0.2,0.3,,True,18143,45.4,6.43,-3.38,50.9,inf,,14.97,2.0
trend_pullback,1d,60,h180_tr20_TP40_SL15_cutY,180,0.2,0.4,-0.15,True,18143,41.5,7.21,-5.56,54.1,inf,,14.93,2.07
trend_pullback,1d,60,h252_tr20_TP25_SL20_cutY,252,0.2,0.25,-0.2,True,18143,45.9,6.15,-4.68,50.8,inf,,14.92,1.91
trend_pullback,1d,60,h365_tr25_TPx_SLx_cutN,365,0.25,0.0,,False,18143,51.9,24.3,1.63,141.5,inf,,14.91,4.09
trend_pullback,1d,60,h365_tr20_TP25_SL15_cutN,365,0.2,0.25,-0.15,False,18143,47.1,6.24,-3.63,51.3,inf,,14.87,1.88
trend_pullback,1d,60,h120_tr20_TP30_SL15_cutN,120,0.2,0.3,-0.15,False,18143,46.8,6.49,-2.39,49.5,inf,,14.87,1.95
trend_pullback,1d,60,h120_tr15_TP40_SLx_cutN,120,0.15,0.4,,False,18143,47.5,6.67,-1.35,49.6,inf,,14.83,2.14
trend_pullback,1d,60,h180_tr20_TP25_SL15_cutN,180,0.2,0.25,-0.15,False,18143,47.9,6.18,-2.91,49.5,inf,-100.0,14.83,1.88
trend_pullback,1d,60,h120_tr25_TP25_SL15_cutY,120,0.25,0.25,-0.15,True,18143,48.9,5.97,-1.78,45.7,1.7590767040925908e+305,-100.0,14.79,1.91
trend_pullback,1d,60,h365_tr20_TP25_SL20_cutY,365,0.2,0.25,-0.2,True,18143,45.5,6.1,-4.99,51.4,5.211894522440343e+306,-100.0,14.79,1.9
trend_pullback,1d,60,h120_tr15_TP30_SLx_cutN,120,0.15,0.3,,False,18143,47.7,6.14,-1.28,46.7,inf,-100.0,14.79,2.05
trend_pullback,1d,60,h180_tr20_TP25_SL20_cutY,180,0.2,0.25,-0.2,True,18143,46.2,6.02,-4.32,49.2,4.853620249499569e+303,-100.0,14.72,1.9
trend_pullback,1d,60,h180_tr25_TPx_SLx_cutN,180,0.25,0.0,,False,18143,53.7,20.42,2.94,110.5,inf,,14.68,3.74
trend_pullback,1d,60,h120_tr20_TP25_SLx_cutY,120,0.2,0.25,,True,18143,47.4,5.89,-2.93,47.8,1.741155964368941e+298,-100.0,14.65,1.92
trend_pullback,1d,60,h120_tr20_TP30_SL20_cutY,120,0.2,0.3,-0.2,True,18143,44.9,6.26,-3.71,48.7,inf,,14.65,1.97
trend_pullback,1d,60,h252_tr25_TPx_SL20_cutN,252,0.25,0.0,-0.2,False,18143,50.2,21.61,0.14,113.1,inf,,14.59,3.75
trend_pullback,1d,60,h252_tr20_TPx_SLx_cutN,252,0.2,0.0,,False,18143,49.0,14.34,-0.63,95.8,inf,,14.55,3.06
trend_pullback,1d,60,h120_tr20_TP25_SL15_cutN,120,0.2,0.25,-0.15,False,18143,48.8,5.93,-1.64,46.2,3.108362389612127e+297,-100.0,14.51,1.87
trend_pullback,1d,60,h252_tr20_TP30_SL15_cutY,252,0.2,0.3,-0.15,True,18143,41.6,6.29,-5.63,50.5,3.6230485648240546e+307,-100.0,14.46,1.93
trend_pullback,1d,60,h120_tr15_TP25_SLx_cutN,120,0.15,0.25,,False,18143,47.9,5.66,-1.17,44.4,4.055128823721881e+288,-100.0,14.45,1.97
trend_pullback,1d,60,h365_tr20_TPx_SLx_cutN,365,0.2,0.0,,False,18143,48.7,14.34,-0.87,103.1,inf,,14.44,3.05
trend_pullback,1d,60,h252_tr15_TP40_SL20_cutN,252,0.15,0.4,-0.2,False,18143,45.9,6.59,-2.25,48.1,inf,,14.43,2.08
trend_pullback,1d,60,h365_tr15_TP40_SL20_cutN,365,0.15,0.4,-0.2,False,18143,45.8,6.56,-2.29,48.4,inf,,14.37,2.07
trend_pullback,1d,60,h365_tr20_TP30_SL15_cutY,365,0.2,0.3,-0.15,True,18143,41.2,6.25,-5.69,51.1,8.171797669899698e+303,-100.0,14.34,1.92
trend_pullback,1d,60,h252_tr25_TPx_SLx_cutY,252,0.25,0.0,,True,18143,46.8,19.87,-2.99,110.6,inf,,14.34,3.68
trend_pullback,1d,60,h120_tr20_TP25_SL20_cutY,120,0.2,0.25,-0.2,True,18143,46.9,5.73,-3.35,45.6,2.0450284123124603e+289,-100.0,14.31,1.89
trend_pullback,1d,60,h120_tr20_TP40_SL15_cutY,120,0.2,0.4,-0.15,True,18143,42.7,6.65,-5.26,49.4,inf,,14.25,2.02
trend_pullback,1d,60,h180_tr15_TP40_SL20_cutN,180,0.15,0.4,-0.2,False,18143,45.9,6.47,-2.23,47.3,inf,,14.25,2.06
trend_pullback,1d,60,h180_tr20_TP30_SL15_cutY,180,0.2,0.3,-0.15,True,18143,42.1,6.15,-5.54,48.9,1.3073916525197778e+300,-100.0,14.25,1.92
trend_pullback,1d,60,h252_tr15_TP30_SL20_cutN,252,0.15,0.3,-0.2,False,18143,46.0,5.95,-2.2,44.5,1.2375417055825658e+296,-100.0,14.24,1.97
trend_pullback,1d,60,h365_tr15_TP30_SL20_cutN,365,0.15,0.3,-0.2,False,18143,45.9,5.92,-2.25,44.7,1.6597656665304722e+294,-100.0,14.18,1.97
trend_pullback,1d,60,h365_tr25_TPx_SL20_cutN,365,0.25,0.0,-0.2,False,18143,49.1,22.34,-0.86,123.0,inf,,14.14,3.79
trend_pullback,1d,60,h180_tr15_TP30_SL20_cutN,180,0.15,0.3,-0.2,False,18143,46.1,5.87,-2.18,43.8,2.3400078149766122e+291,-100.0,14.1,1.96
trend_pullback,1d,60,h180_tr25_TPx_SL20_cutN,180,0.25,0.0,-0.2,False,18143,51.3,19.12,1.1,99.7,inf,,14.07,3.51
trend_pullback,1d,60,h180_tr20_TPx_SLx_cutN,180,0.2,0.0,,False,18143,49.3,13.57,-0.44,86.8,inf,,13.91,2.97
trend_pullback,1d,60,h252_tr20_TP25_SL15_cutY,252,0.2,0.25,-0.15,True,18143,43.9,5.62,-5.59,46.5,3.0483255887117696e+279,-100.0,13.91,1.84
trend_pullback,1d,60,h252_tr25_TPx_SL20_cutY,252,0.25,0.0,-0.2,True,18143,45.3,19.1,-4.64,102.2,inf,,13.88,3.56
trend_pullback,1d,60,h365_tr25_TPx_SLx_cutY,365,0.25,0.0,,True,18143,45.9,20.59,-3.79,122.1,inf,,13.87,3.71
trend_pullback,1d,60,h180_tr25_TPx_SLx_cutY,180,0.25,0.0,,True,18143,47.7,17.5,-1.96,96.3,inf,,13.84,3.43
trend_pullback,1d,60,h120_tr20_TP30_SL15_cutY,120,0.2,0.3,-0.15,True,18143,43.2,5.83,-5.2,45.3,5.349582060092066e+284,-100.0,13.84,1.9
trend_pullback,1d,60,h120_tr15_TP40_SL20_cutN,120,0.15,0.4,-0.2,False,18143,46.2,6.16,-2.05,44.9,9.649652889303454e+294,-100.0,13.82,2.02
trend_pullback,1d,60,h365_tr20_TP25_SL15_cutY,365,0.2,0.25,-0.15,True,18143,43.5,5.58,-5.64,47.0,8.624128368392886e+275,-100.0,13.79,1.83
trend_pullback,1d,60,h252_tr15_TP25_SL20_cutN,252,0.15,0.25,-0.2,False,18143,46.3,5.41,-2.14,41.9,3.9796755956168335e+272,-100.0,13.78,1.89
trend_pullback,1d,60,h180_tr20_TP25_SL15_cutY,180,0.2,0.25,-0.15,True,18143,44.2,5.53,-5.5,45.3,3.0482089926709763e+274,-100.0,13.76,1.83
trend_pullback,1d,60,h120_tr15_TP30_SL20_cutN,120,0.15,0.3,-0.2,False,18143,46.4,5.64,-2.0,42.0,3.7363906905944445e+278,-100.0,13.73,1.93
trend_pullback,1d,60,h365_tr15_TP25_SL20_cutN,365,0.15,0.25,-0.2,False,18143,46.2,5.39,-2.17,42.0,9.334155961104942e+270,-100.0,13.73,1.88
trend_pullback,1d,60,h252_tr20_TPx_SL20_cutN,252,0.2,0.0,-0.2,False,18143,47.3,13.34,-1.85,85.6,inf,,13.72,2.86
trend_pullback,1d,60,h180_tr15_TP25_SL20_cutN,180,0.15,0.25,-0.2,False,18143,46.3,5.36,-2.1,41.3,4.814376514482827e+269,-100.0,13.69,1.88
trend_pullback,1d,60,h365_tr20_TPx_SL20_cutN,365,0.2,0.0,-0.2,False,18143,46.8,13.3,-2.14,89.7,inf,,13.6,2.85
trend_pullback,1d,60,h252_tr25_TPx_SL15_cutN,252,0.25,0.0,-0.15,False,18143,45.5,18.98,-4.55,98.8,inf,,13.52,3.46
trend_pullback,1d,60,h252_tr15_TP40_SL15_cutN,252,0.15,0.4,-0.15,False,18143,44.2,6.08,-3.07,45.1,6.547505648155531e+286,-100.0,13.5,1.98
trend_pullback,1d,60,h252_tr15_TP40_SLx_cutY,252,0.15,0.4,,True,18143,42.3,5.95,-4.06,47.5,7.842937174298649e+281,-100.0,13.48,2.03
trend_pullback,1d,60,h365_tr15_TP40_SL15_cutN,365,0.15,0.4,-0.15,False,18143,44.1,6.06,-3.1,45.3,2.3573245245229315e+285,-100.0,13.46,1.98
trend_pullback,1d,60,h180_tr25_TPx_SL20_cutY,180,0.25,0.0,-0.2,True,18143,46.4,16.91,-3.27,90.0,inf,,13.45,3.33
trend_pullback,1d,60,h120_tr20_TP25_SL15_cutY,120,0.2,0.25,-0.15,True,18143,45.1,5.3,-5.0,42.2,3.995157747920933e+263,-100.0,13.45,1.82
trend_pullback,1d,60,h365_tr15_TP40_SLx_cutY,365,0.15,0.4,,True,18143,42.3,5.96,-4.06,49.4,3.666747623093519e+279,-100.0,13.45,2.03
trend_pullback,1d,60,h365_tr25_TPx_SL20_cutY,365,0.25,0.0,-0.2,True,18143,44.4,19.65,-5.28,111.1,inf,,13.44,3.59
trend_pullback,1d,60,h180_tr15_TP40_SL15_cutN,180,0.15,0.4,-0.15,False,18143,44.3,5.99,-3.05,44.4,1.0583424280071077e+282,-100.0,13.37,1.97
trend_pullback,1d,60,h120_tr15_TP25_SL20_cutN,120,0.15,0.25,-0.2,False,18143,46.6,5.17,-1.89,39.8,4.341346172619413e+258,-100.0,13.34,1.86
trend_pullback,1d,60,h252_tr15_TP30_SL15_cutN,252,0.15,0.3,-0.15,False,18143,44.4,5.46,-3.04,41.5,4.3521460461910264e+265,-100.0,13.26,1.88
trend_pullback,1d,60,h252_tr15_TP30_SLx_cutY,252,0.15,0.3,,True,18143,42.5,5.35,-4.03,44.1,1.0718843656668356e+261,-100.0,13.25,1.93
trend_pullback,1d,60,h120_tr25_TPx_SLx_cutN,120,0.25,0.0,,False,18143,54.4,15.82,3.25,87.7,inf,,13.24,3.28
trend_pullback,1d,60,h180_tr15_TP40_SLx_cutY,180,0.15,0.4,,True,18143,42.3,5.8,-4.11,45.4,1.1934378222334156e+274,-100.0,13.22,2.0
trend_pullback,1d,60,h365_tr15_TP30_SL15_cutN,365,0.15,0.3,-0.15,False,18143,44.3,5.44,-3.08,41.7,1.2118894775001093e+264,-100.0,13.21,1.88
trend_pullback,1d,60,h365_tr15_TP30_SLx_cutY,365,0.15,0.3,,True,18143,42.5,5.36,-4.03,45.9,3.5462212137930433e+258,-100.0,13.21,1.93
trend_pullback,1d,60,h180_tr20_TPx_SL20_cutN,180,0.2,0.0,-0.2,False,18143,47.8,12.79,-1.45,79.1,inf,,13.2,2.8
trend_pullback,1d,60,h180_tr15_TP30_SL15_cutN,180,0.15,0.3,-0.15,False,18143,44.5,5.41,-3.0,41.0,6.83737762111533e+262,-100.0,13.18,1.88
trend_pullback,1d,60,h365_tr25_TPx_SL15_cutN,365,0.25,0.0,-0.15,False,18143,44.5,19.46,-5.21,106.9,inf,,13.15,3.49
trend_pullback,1d,60,h180_tr25_TPx_SL15_cutN,180,0.25,0.0,-0.15,False,18143,46.6,16.99,-3.21,87.6,inf,,13.15,3.25
trend_pullback,1d,60,h120_tr20_TPx_SLx_cutN,120,0.2,0.0,,False,18143,50.2,11.54,0.09,73.1,inf,,13.13,2.74
trend_pullback,1d,60,h180_tr15_TP30_SLx_cutY,180,0.15,0.3,,True,18143,42.4,5.24,-4.08,42.2,4.118081254738383e+255,-100.0,13.05,1.91
trend_pullback,1d,60,h120_tr15_TP40_SL15_cutN,120,0.15,0.4,-0.15,False,18143,44.7,5.75,-2.88,42.4,2.7329965366989437e+269,-100.0,13.04,1.94
trend_pullback,1d,60,h252_tr15_TP40_SL20_cutY,252,0.15,0.4,-0.2,True,18143,41.6,5.68,-4.49,42.7,1.5642191117427603e+268,-100.0,12.98,1.97
trend_pullback,1d,60,h365_tr15_TP40_SL20_cutY,365,0.15,0.4,-0.2,True,18143,41.5,5.66,-4.56,43.0,3.4545798080431166e+266,-100.0,12.92,1.96
trend_pullback,1d,60,h252_tr15_TPx_SLx_cutN,252,0.15,0.0,,False,18143,47.6,9.09,-1.23,64.9,inf,,12.9,2.55
trend_pullback,1d,60,h120_tr15_TP30_SL15_cutN,120,0.15,0.3,-0.15,False,18143,44.9,5.24,-2.85,39.5,1.4417701842910097e+253,-100.0,12.89,1.86
trend_pullback,1d,60,h252_tr25_TPx_SL15_cutY,252,0.25,0.0,-0.15,True,18143,41.9,17.37,-5.92,91.2,inf,,12.88,3.37
trend_pullback,1d,60,h365_tr15_TPx_SLx_cutN,365,0.15,0.0,,False,18143,47.7,9.11,-1.2,68.6,inf,,12.88,2.55
trend_pullback,1d,60,h180_tr15_TP40_SL20_cutY,180,0.15,0.4,-0.2,True,18143,41.7,5.57,-4.49,41.9,1.3165510513396115e+262,-100.0,12.81,1.95
trend_pullback,1d,60,h252_tr20_TPx_SLx_cutY,252,0.2,0.0,,True,18143,43.5,12.07,-4.52,81.9,inf,,12.77,2.79
trend_pullback,1d,60,h252_tr15_TP25_SL15_cutN,252,0.15,0.25,-0.15,False,18143,44.6,4.94,-2.99,39.0,4.803111706662247e+242,-100.0,12.77,1.8
trend_pullback,1d,60,h252_tr15_TP25_SLx_cutY,252,0.15,0.25,,True,18143,42.7,4.85,-3.99,41.6,7.759330399552845e+238,-100.0,12.77,1.84
trend_pullback,1d,60,h252_tr20_TPx_SL15_cutN,252,0.2,0.0,-0.15,False,18143,44.3,12.15,-3.9,77.8,inf,,12.77,2.7
trend_pullback,1d,60,h120_tr15_TP40_SLx_cutY,120,0.15,0.4,,True,18143,42.4,5.48,-4.04,42.1,9.127987130348112e+257,-100.0,12.76,1.95
trend_pullback,1d,60,h120_tr25_TPx_SL20_cutN,120,0.25,0.0,-0.2,False,18143,52.5,14.81,1.87,80.6,inf,,12.75,3.07
trend_pullback,1d,60,h365_tr15_TP25_SLx_cutY,365,0.15,0.25,,True,18143,42.7,4.85,-3.99,43.4,4.152196799230138e+236,-100.0,12.74,1.84
trend_pullback,1d,60,h252_tr15_TP30_SL20_cutY,252,0.15,0.3,-0.2,True,18143,41.8,5.09,-4.48,39.4,8.420452855269953e+247,-100.0,12.73,1.87
trend_pullback,1d,60,h365_tr15_TP25_SL15_cutN,365,0.15,0.25,-0.15,False,18143,44.5,4.92,-3.01,39.2,1.7892782653735093e+241,-100.0,12.72,1.8
trend_pullback,1d,60,h180_tr15_TP25_SL15_cutN,180,0.15,0.25,-0.15,False,18143,44.7,4.91,-2.97,38.6,2.2476253376004293e+241,-100.0,12.72,1.8
trend_pullback,1d,60,h365_tr15_TP30_SL20_cutY,365,0.15,0.3,-0.2,True,18143,41.7,5.07,-4.52,39.5,2.422896231958877e+246,-100.0,12.68,1.86
trend_pullback,1d,60,h365_tr20_TPx_SL15_cutN,365,0.2,0.0,-0.15,False,18143,43.9,12.11,-4.1,81.3,inf,,12.66,2.69
trend_pullback,1d,60,h365_tr20_TPx_SLx_cutY,365,0.2,0.0,,True,18143,43.1,12.02,-4.7,87.4,inf,,12.65,2.77
trend_pullback,1d,60,h120_tr15_TP30_SLx_cutY,120,0.15,0.3,,True,18143,42.6,5.01,-4.01,39.4,7.605189025975781e+242,-100.0,12.64,1.87
trend_pullback,1d,60,h180_tr15_TPx_SLx_cutN,180,0.15,0.0,,False,18143,47.5,8.83,-1.35,60.9,inf,,12.63,2.5
trend_pullback,1d,60,h180_tr15_TP30_SL20_cutY,180,0.15,0.3,-0.2,True,18143,41.8,5.03,-4.46,38.8,9.662189796695391e+243,-100.0,12.6,1.86
trend_pullback,1d,60,h180_tr15_TP25_SLx_cutY,180,0.15,0.25,,True,18143,42.6,4.76,-4.04,39.9,6.354433735923234e+234,-100.0,12.6,1.82
trend_pullback,1d,60,h180_tr25_TPx_SL15_cutY,180,0.25,0.0,-0.15,True,18143,43.0,15.58,-5.65,80.8,inf,,12.57,3.18
trend_pullback,1d,60,h365_tr25_TPx_SL15_cutY,365,0.25,0.0,-0.15,True,18143,41.0,17.8,-6.09,98.8,inf,,12.53,3.4
trend_pullback,1d,60,h120_tr20_TPx_SL20_cutN,120,0.2,0.0,-0.2,False,18143,48.9,10.92,-0.74,68.2,inf,,12.52,2.6
trend_pullback,1d,60,h252_tr15_TP40_SL15_cutY,252,0.15,0.4,-0.15,True,18143,40.8,5.43,-4.98,41.2,2.847923043417835e+252,-100.0,12.49,1.92
trend_pullback,1d,60,h120_tr15_TP25_SL15_cutN,120,0.15,0.25,-0.15,False,18143,45.1,4.77,-2.75,37.4,1.6864273337796727e+233,-100.0,12.47,1.78
trend_pullback,1d,60,h252_tr20_TPx_SL20_cutY,252,0.2,0.0,-0.2,True,18143,42.7,11.74,-5.1,76.8,inf,,12.47,2.72
trend_pullback,1d,60,h365_tr15_TP40_SL15_cutY,365,0.15,0.4,-0.15,True,18143,40.7,5.41,-5.02,41.4,1.0205335312616446e+251,-100.0,12.45,1.92
trend_pullback,1d,60,h120_tr15_TP40_SL20_cutY,120,0.15,0.4,-0.2,True,18143,42.0,5.31,-4.3,39.9,2.860900600481571e+248,-100.0,12.43,1.91
trend_pullback,1d,60,h180_tr15_TP40_SL15_cutY,180,0.15,0.4,-0.15,True,18143,40.9,5.34,-4.97,40.5,6.764396991427947e+247,-100.0,12.36,1.91
trend_pullback,1d,60,h365_tr20_TPx_SL20_cutY,365,0.2,0.0,-0.2,True,18143,42.3,11.67,-5.29,80.5,inf,,12.34,2.7
trend_pullback,1d,60,h180_tr20_TPx_SL15_cutN,180,0.2,0.0,-0.15,False,18143,44.9,11.7,-3.6,72.2,inf,,12.32,2.65
trend_pullback,1d,60,h120_tr15_TP30_SL20_cutY,120,0.15,0.3,-0.2,True,18143,42.2,4.84,-4.27,37.2,4.332465728309727e+233,-100.0,12.29,1.83
trend_pullback,1d,60,h180_tr20_TPx_SLx_cutY,180,0.2,0.0,,True,18143,43.8,11.57,-4.26,74.7,inf,,12.27,2.73
trend_pullback,1d,60,h120_tr15_TPx_SLx_cutN,120,0.15,0.0,,False,18143,47.5,8.08,-1.37,54.7,inf,,12.23,2.38
trend_pullback,1d,60,h252_tr15_TP30_SL15_cutY,252,0.15,0.3,-0.15,True,18143,40.9,4.85,-4.97,37.9,5.117912831543771e+232,-100.0,12.22,1.82
trend_pullback,1d,60,h252_tr15_TP25_SL20_cutY,252,0.15,0.25,-0.2,True,18143,42.0,4.59,-4.45,36.9,6.659580451247292e+225,-100.0,12.22,1.78
trend_pullback,1d,60,h120_tr15_TP25_SLx_cutY,120,0.15,0.25,,True,18143,42.8,4.56,-3.98,37.3,5.254696084845723e+223,-100.0,12.22,1.8
trend_pullback,1d,60,h120_tr25_TPx_SLx_cutY,120,0.25,0.0,,True,18143,48.5,13.48,-1.14,76.6,inf,,12.18,3.01
trend_pullback,1d,60,h365_tr15_TP25_SL20_cutY,365,0.15,0.25,-0.2,True,18143,41.9,4.58,-4.48,37.1,3.352396810730576e+224,-100.0,12.18,1.78
trend_pullback,1d,60,h365_tr15_TP30_SL15_cutY,365,0.15,0.3,-0.15,True,18143,40.8,4.83,-5.0,38.0,1.5668077888716786e+231,-100.0,12.17,1.82
trend_pullback,1d,60,h180_tr15_TP25_SL20_cutY,180,0.15,0.25,-0.2,True,18143,42.0,4.56,-4.41,36.5,3.906532077859579e+223,-100.0,12.15,1.78
trend_pullback,1d,60,h180_tr15_TP30_SL15_cutY,180,0.15,0.3,-0.15,True,18143,41.0,4.81,-4.97,37.4,9.728206484848993e+229,-100.0,12.13,1.82
trend_pullback,1d,60,h120_tr15_TP40_SL15_cutY,120,0.15,0.4,-0.15,True,18143,41.3,5.12,-4.79,38.6,2.2961559002487335e+236,-100.0,12.04,1.88
trend_pullback,1d,60,h180_tr20_TPx_SL20_cutY,180,0.2,0.0,-0.2,True,18143,43.2,11.3,-4.79,71.0,inf,,12.02,2.67
trend_pullback,1d,60,h252_tr20_TPx_SL15_cutY,252,0.2,0.0,-0.15,True,18143,40.9,11.07,-5.65,71.6,inf,,11.9,2.63
trend_pullback,1d,60,h252_tr15_TPx_SL20_cutN,252,0.15,0.0,-0.2,False,18143,45.8,8.28,-2.26,55.3,inf,,11.89,2.35
trend_pullback,1d,60,h120_tr15_TP30_SL15_cutY,120,0.15,0.3,-0.15,True,18143,41.4,4.65,-4.77,36.0,3.0785462848864325e+221,-100.0,11.87,1.8
trend_pullback,1d,60,h120_tr15_TP25_SL20_cutY,120,0.15,0.25,-0.2,True,18143,42.4,4.4,-4.21,35.2,5.846911402357709e+214,-100.0,11.86,1.76
trend_pullback,1d,60,h120_tr25_TPx_SL20_cutY,120,0.25,0.0,-0.2,True,18143,47.5,13.08,-1.99,72.6,inf,,11.85,2.92
trend_pullback,1d,60,h365_tr15_TPx_SL20_cutN,365,0.15,0.0,-0.2,False,18143,45.7,8.26,-2.31,56.1,inf,,11.84,2.35
trend_pullback,1d,60,h365_tr20_TPx_SL15_cutY,365,0.2,0.0,-0.15,True,18143,40.5,11.01,-5.71,74.9,inf,,11.79,2.61
trend_pullback,1d,60,h180_tr15_TPx_SL20_cutN,180,0.15,0.0,-0.2,False,18143,45.9,8.13,-2.25,53.8,inf,,11.75,2.33
trend_pullback,1d,60,h252_tr15_TP25_SL15_cutY,252,0.15,0.25,-0.15,True,18143,41.1,4.36,-4.95,35.5,4.8334986955353287e+210,-100.0,11.68,1.74
trend_pullback,1d,60,h120_tr20_TPx_SL15_cutN,120,0.2,0.0,-0.15,False,18143,46.1,10.07,-2.62,62.5,inf,,11.68,2.47
trend_pullback,1d,60,h180_tr15_TP25_SL15_cutY,180,0.15,0.25,-0.15,True,18143,41.2,4.34,-4.94,35.1,2.553487424685279e+209,-100.0,11.64,1.74
trend_pullback,1d,60,h120_tr25_TPx_SL15_cutN,120,0.25,0.0,-0.15,False,18143,48.1,13.36,-1.51,71.5,inf,,11.64,2.86
trend_pullback,1d,60,h365_tr15_TP25_SL15_cutY,365,0.15,0.25,-0.15,True,18143,41.0,4.34,-4.97,35.6,2.109990570146713e+209,-100.0,11.64,1.74
trend_pullback,1d,60,h120_tr20_TPx_SLx_cutY,120,0.2,0.0,,True,18143,44.7,9.83,-3.53,63.4,inf,,11.55,2.53
trend_pullback,1d,60,h180_tr20_TPx_SL15_cutY,180,0.2,0.0,-0.15,True,18143,41.4,10.7,-5.57,66.4,inf,,11.51,2.59
trend_pullback,1d,60,h120_tr15_TPx_SL20_cutN,120,0.15,0.0,-0.2,False,18143,46.2,7.5,-2.06,50.0,inf,,11.46,2.24
trend_pullback,1d,60,h120_tr15_TP25_SL15_cutY,120,0.15,0.25,-0.15,True,18143,41.6,4.21,-4.72,34.0,2.3303830762592545e+202,-100.0,11.41,1.72
trend_pullback,1d,60,h120_tr20_TPx_SL20_cutY,120,0.2,0.0,-0.2,True,18143,44.3,9.63,-3.84,61.1,inf,,11.35,2.48
trend_pullback,1d,60,h252_tr15_TPx_SL15_cutN,252,0.15,0.0,-0.15,False,18143,44.2,7.7,-3.08,52.1,inf,,11.21,2.25
trend_pullback,1d,60,h365_tr15_TPx_SL15_cutN,365,0.15,0.0,-0.15,False,18143,44.1,7.69,-3.11,52.8,inf,,11.17,2.24
trend_pullback,1d,60,h180_tr15_TPx_SL15_cutN,180,0.15,0.0,-0.15,False,18143,44.3,7.58,-3.05,50.7,inf,-100.0,11.11,2.23
trend_pullback,1d,60,h120_tr25_TPx_SL15_cutY,120,0.25,0.0,-0.15,True,18143,44.4,12.14,-5.07,65.8,inf,,11.09,2.78
trend_pullback,1d,60,h252_tr15_TPx_SLx_cutY,252,0.15,0.0,,True,18143,42.3,7.42,-4.07,54.1,1.0515532392997868e+305,-100.0,11.05,2.28
trend_pullback,1d,60,h365_tr15_TPx_SLx_cutY,365,0.15,0.0,,True,18143,42.3,7.42,-4.07,56.5,6.645613742532649e+301,-100.0,11.02,2.28
trend_pullback,1d,60,h120_tr20_TPx_SL15_cutY,120,0.2,0.0,-0.15,True,18143,42.6,9.17,-5.27,57.5,inf,,10.87,2.41
trend_pullback,1d,60,h120_tr15_TPx_SL15_cutN,120,0.15,0.0,-0.15,False,18143,44.7,7.04,-2.9,47.3,9.455227909230483e+290,-100.0,10.87,2.15
trend_pullback,1d,60,h180_tr15_TPx_SLx_cutY,180,0.15,0.0,,True,18143,42.3,7.25,-4.12,51.4,2.7950325235402713e+297,-100.0,10.86,2.25
trend_pullback,1d,60,h252_tr15_TPx_SL20_cutY,252,0.15,0.0,-0.2,True,18143,41.6,7.13,-4.52,49.3,1.2638103819517283e+291,-100.0,10.68,2.21
trend_pullback,1d,60,h365_tr15_TPx_SL20_cutY,365,0.15,0.0,-0.2,True,18143,41.5,7.12,-4.57,50.0,1.0429905280095551e+289,-100.0,10.63,2.21
trend_pullback,1d,60,h180_tr15_TPx_SL20_cutY,180,0.15,0.0,-0.2,True,18143,41.6,7.01,-4.49,47.9,1.2852909369727708e+285,-100.0,10.55,2.19
trend_pullback,1d,60,h120_tr15_TPx_SLx_cutY,120,0.15,0.0,,True,18143,42.4,6.67,-4.04,46.7,8.916595978314476e+275,-100.0,10.51,2.16
trend_pullback,1d,60,h252_tr15_TPx_SL15_cutY,252,0.15,0.0,-0.15,True,18143,40.8,6.86,-5.0,47.6,2.2957916695586515e+275,-100.0,10.34,2.16
trend_pullback,1d,60,h365_tr15_TPx_SL15_cutY,365,0.15,0.0,-0.15,True,18143,40.7,6.86,-5.03,48.3,6.99995145727268e+273,-100.0,10.31,2.16
trend_pullback,1d,60,h120_tr15_TPx_SL20_cutY,120,0.15,0.0,-0.2,True,18143,42.0,6.49,-4.31,44.5,2.7459040110414316e+266,-100.0,10.27,2.12
trend_pullback,1d,60,h180_tr15_TPx_SL15_cutY,180,0.15,0.0,-0.15,True,18143,40.9,6.76,-4.98,46.4,4.072769376108408e+270,-100.0,10.24,2.15
trend_pullback,1d,60,h120_tr15_TPx_SL15_cutY,120,0.15,0.0,-0.15,True,18143,41.3,6.3,-4.79,43.2,2.6768520022163887e+254,-100.0,9.99,2.08
